,Author,We,Baby,Doctor,Partner,Nurse,Midwife,Family,Anesthesiologist,Doula
0,81,17,4,0,5,1,3,0,0,0
1,58,10,8,1,4,2,0,2,1,0
2,99,2,8,5,4,2,0,1,1,0
3,40,0,0,3,0,5,0,1,0,0
4,82,7,4,2,7,7,0,1,0,0
5,55,5,4,6,4,12,0,0,2,0
6,44,14,6,3,8,1,0,0,0,0
7,63,2,3,0,3,0,3,0,1,0
8,89,4,16,3,8,2,5,1,0,0
9,39,0,3,1,1,1,0,3,0,0
10,101,14,7,1,11,3,9,0,0,11
11,39,6,3,1,0,0,0,0,0,0
12,39,5,8,0,1,0,0,0,1,0
13,24,8,2,0,0,0,0,0,0,0
14,44,4,0,6,3,3,0,0,0,0
15,29,9,7,0,0,0,0,0,0,0
16,92,3,8,9,6,2,0,0,0,0
17,60,8,4,0,3,0,0,1,0,0
18,66,1,1,3,8,0,2,1,0,0
19,61,6,5,3,4,0,5,0,0,0
20,179,20,8,7,11,9,0,0,0,0
21,80,10,4,1,1,0,1,0,0,0
22,25,14,0,0,1,0,3,1,0,0
23,79,8,4,7,3,5,0,0,3,0
24,96,13,11,1,0,2,11,0,0,0
25,48,1,4,7,2,0,0,0,0,0
26,142,11,13,9,8,1,4,1,3,0
27,99,8,9,7,6,10,0,4,2,0
28,30,3,2,4,0,2,0,0,0,0
29,85,10,4,0,10,0,4,0,0,0
30,83,3,5,1,0,1,3,2,0,0
31,25,8,2,6,6,0,0,0,0,0
32,98,13,13,1,0,2,11,0,0,0
33,71,23,6,7,1,3,0,1,1,0
34,278,25,16,8,14,15,0,9,7,0
35,19,1,1,4,0,0,0,0,0,0
36,26,3,0,1,1,0,0,0,0,0
37,54,2,2,0,5,0,1,1,0,0
38,45,15,6,4,1,0,0,0,0,0
39,72,2,2,0,3,0,8,0,0,0
40,120,6,13,0,4,1,0,0,1,0
41,82,10,6,0,8,0,3,0,0,0
42,61,13,4,5,8,2,0,3,0,0
43,52,0,1,2,0,4,0,0,0,0
44,44,2,2,6,3,1,0,2,0,0
45,31,7,4,2,0,0,2,0,0,0
46,47,2,4,3,2,0,0,0,0,0
47,31,10,2,1,3,1,0,1,0,0
48,35,3,5,1,1,0,0,0,0,1
49,52,4,8,11,4,6,0,1,1,0
50,74,0,2,2,7,0,4,5,0,0
51,104,33,11,4,4,0,4,1,0,0
52,60,1,10,7,1,0,1,1,0,0
53,39,8,2,1,4,3,3,0,0,0
54,121,6,9,1,7,4,2,0,2,0
55,47,5,10,3,3,0,0,0,1,1
56,58,8,6,1,3,0,2,0,0,0
57,22,11,1,4,2,3,0,0,1,0
58,36,3,2,3,2,2,0,2,0,0
59,31,1,0,0,0,0,3,0,0,0
60,18,5,2,5,0,0,0,2,0,0
61,52,1,0,3,5,2,0,0,0,0
62,52,1,0,3,5,2,0,0,0,0
63,268,4,26,17,18,4,0,0,0,0
64,80,13,4,3,5,3,0,1,0,3
65,21,5,4,0,2,0,0,1,0,0
66,56,2,8,1,3,2,3,1,0,0
67,102,0,10,4,3,5,0,1,1,0
68,93,8,9,0,9,2,4,0,1,0
69,46,2,2,3,4,0,3,0,0,0
70,39,9,8,2,4,0,0,1,0,0
71,53,3,3,3,0,2,0,0,0,0
72,38,18,7,3,1,0,0,2,0,0
73,64,4,5,1,1,3,0,0,1,0
74,36,4,10,2,3,0,0,1,0,0
75,294,6,24,13,21,9,12,3,1,0
76,44,5,5,0,1,0,0,1,0,0
77,39,5,3,3,2,0,3,0,0,0
78,114,14,7,10,7,1,0,0,0,0
79,59,4,3,7,0,5,0,0,2,0
80,68,12,6,5,0,5,0,0,2,0
81,24,7,8,5,2,1,0,1,0,0
82,92,7,12,0,0,0,8,0,0,0
83,56,1,7,1,8,0,0,2,0,0
84,46,4,5,2,3,0,0,0,0,0
85,28,1,4,1,0,2,0,1,0,0
86,24,6,9,1,3,0,0,0,0,0
87,50,0,0,1,3,0,0,0,0,0
88,55,4,2,2,2,0,0,1,0,0
89,51,6,6,1,3,0,0,0,1,0
90,25,2,0,0,0,0,0,0,0,0
91,21,9,2,0,0,0,2,0,0,0
92,153,27,9,8,4,11,0,0,0,0
93,12,25,8,6,18,1,0,1,0,0
94,27,8,6,0,1,0,0,0,0,0
95,31,1,7,2,0,1,0,0,0,0
96,48,4,4,2,3,0,2,0,0,0
97,81,13,8,0,0,0,4,1,0,0
98,27,2,27,3,3,0,0,31,0,0
99,46,5,5,0,6,0,4,0,0,0
100,23,14,0,0,0,3,0,0,0,0
101,47,4,4,4,1,1,0,0,0,0
102,80,1,8,3,2,2,3,0,0,0
103,100,2,1,5,2,0,0,0,0,0
104,44,1,2,1,1,2,0,1,0,0
105,35,3,5,1,5,0,0,1,0,0
106,53,2,4,0,1,0,0,0,0,0
107,19,6,6,3,3,0,0,0,2,0
108,179,12,15,2,10,7,0,7,1,0
109,62,0,8,0,1,0,8,0,0,0
110,72,0,4,8,2,0,0,0,0,0
111,68,3,5,0,3,2,0,0,0,0
112,38,3,7,3,0,2,0,0,3,0
113,38,3,7,3,0,2,0,0,3,0
114,117,14,15,5,13,11,11,2,0,0
115,36,8,3,1,1,0,0,0,1,0
116,81,11,6,0,8,0,3,1,0,5
117,54,18,13,2,9,5,0,0,0,0
118,27,6,1,2,1,0,0,0,1,0
119,59,6,6,7,6,5,0,0,0,0
120,37,6,3,0,0,1,0,2,0,0
121,33,2,2,3,0,2,0,0,0,0
122,161,21,13,5,9,5,0,0,1,0
123,82,30,7,3,7,3,0,7,2,0
124,41,1,3,0,5,0,1,0,1,0
125,43,1,7,0,7,0,7,2,0,0
126,29,1,2,1,1,2,0,1,0,0
127,50,3,1,1,0,0,1,0,0,0
128,80,1,2,4,2,7,0,1,0,0
129,83,2,15,1,1,0,4,0,0,0
130,65,5,6,0,5,1,11,0,0,3
131,93,7,4,3,0,0,0,3,0,0
132,45,3,2,6,1,3,0,0,1,0
133,123,10,10,7,6,8,0,0,2,0
134,19,5,10,0,0,0,0,1,0,0
135,25,22,8,1,9,1,6,2,0,2
136,89,16,19,7,3,5,2,2,2,0
137,65,7,4,1,6,0,1,1,0,0
138,94,39,10,2,9,2,0,2,1,2
139,80,17,9,9,7,9,0,1,1,0
140,67,13,5,6,2,4,0,2,1,0
141,191,34,24,0,13,6,9,1,0,16
142,32,3,1,0,2,0,6,0,0,0
143,21,0,6,5,2,0,0,0,0,0
144,63,25,8,0,7,2,0,0,1,0
145,132,8,9,2,4,5,3,0,0,0
146,58,2,2,0,3,0,0,1,0,0
147,29,18,8,3,15,2,0,1,1,0
148,44,13,11,0,4,0,7,0,0,0
149,105,6,10,1,2,0,9,0,0,0
150,48,3,6,5,0,0,0,1,0,0
151,67,5,5,5,2,1,0,0,0,0
152,75,2,2,4,2,4,0,0,0,0
153,74,2,6,2,2,4,0,0,0,0
154,63,6,5,2,5,0,0,0,0,6
155,31,3,5,1,4,1,2,0,0,0
156,129,6,11,12,3,15,0,0,1,0
157,112,1,4,3,1,6,0,1,0,0
158,29,2,5,1,0,3,0,0,0,0
159,39,0,2,7,1,0,0,0,1,0
160,36,1,3,1,1,2,0,0,0,0
161,42,9,9,1,2,1,3,1,0,0
162,62,45,7,4,6,10,0,0,0,0
163,94,20,7,5,5,4,0,0,1,0
164,56,8,2,0,2,1,9,0,0,0
165,20,2,6,3,2,0,0,0,1,0
166,40,3,3,0,0,0,2,0,0,0
167,51,2,6,0,1,0,2,0,0,0
168,35,4,3,0,2,0,3,0,0,0
169,43,8,5,6,0,4,0,0,0,0
170,34,3,4,2,3,0,1,1,0,0
171,26,6,5,0,1,0,0,3,0,0
172,49,2,9,2,3,2,0,0,0,0
173,65,3,1,2,2,2,0,0,2,0
174,33,5,2,5,1,3,0,0,0,0
175,21,12,5,1,3,0,0,3,0,0
176,70,7,4,0,8,0,3,0,0,0
177,64,13,4,1,6,1,6,0,0,0
178,154,19,14,2,7,0,5,0,0,0
179,60,1,3,5,3,0,1,0,0,0
180,61,5,9,4,2,1,0,0,1,0
181,222,10,36,11,8,10,0,13,2,0
182,51,2,4,7,1,5,0,0,0,0
183,66,5,2,6,5,3,2,0,1,0
184,53,8,6,10,4,5,0,0,1,0
185,43,16,15,7,6,5,0,0,0,0
186,58,7,11,4,7,3,0,0,4,0
187,104,30,3,2,5,0,10,1,0,0
188,40,5,3,3,2,0,0,1,0,0
189,74,13,2,2,3,0,7,0,0,0
190,53,8,2,0,3,1,4,1,0,3
191,29,16,7,3,1,0,0,0,0,0
192,94,8,13,9,0,0,0,2,0,0
193,71,5,17,1,0,3,0,2,0,0
194,73,1,2,5,1,0,0,0,1,0
195,50,4,4,0,3,0,4,0,0,0
196,55,3,2,3,4,0,0,0,0,0
197,42,2,6,5,1,1,1,0,0,0
198,32,3,7,3,3,0,0,0,0,0
199,61,7,3,5,4,3,0,0,0,0
200,115,25,4,1,6,4,9,0,0,0
201,65,3,4,3,3,0,0,0,0,0
202,61,8,9,5,3,4,0,0,0,0
203,40,1,2,3,5,0,1,0,0,0
204,87,17,3,5,1,1,0,1,0,0
205,71,5,15,9,8,10,0,0,1,0
206,37,9,6,5,4,5,0,0,0,0
207,48,6,4,3,0,5,0,1,0,0
208,11,26,15,3,7,0,2,3,0,0
209,60,1,5,6,2,0,0,0,1,0
210,66,14,6,5,2,1,0,0,0,0
211,69,2,4,6,6,0,0,0,0,0
212,40,9,3,0,0,0,0,0,0,0
213,86,6,9,2,3,10,0,1,1,0
214,28,2,0,0,2,0,2,0,0,0
215,30,3,4,3,0,1,0,0,0,0
216,70,7,5,6,6,0,0,0,0,0
217,95,4,5,0,5,2,9,0,0,0
218,46,3,1,4,1,4,0,0,1,0
219,36,1,7,0,0,0,0,1,0,0
220,28,2,0,5,2,1,0,0,0,0
221,47,4,8,8,4,4,0,0,1,0
222,70,11,6,1,5,0,0,0,1,1
223,73,1,9,0,1,0,6,0,0,0
224,43,2,2,4,1,0,0,0,0,0
225,117,18,10,8,3,2,0,1,1,0
226,140,11,9,5,9,7,0,0,0,0
227,87,9,4,5,8,0,6,0,0,0
228,122,21,3,4,6,1,0,0,0,0
229,85,6,8,2,3,0,5,1,0,0
230,30,9,7,2,0,2,0,0,0,0
231,60,1,3,2,0,7,0,1,0,0
232,61,4,7,8,0,3,0,0,1,0
233,57,18,3,6,8,0,4,0,0,1
234,30,1,0,2,2,0,0,0,1,0
235,45,1,2,1,1,0,0,2,0,0
236,43,1,1,0,0,1,0,0,0,0
237,37,6,3,3,3,1,0,0,0,0
238,36,6,6,1,0,1,0,0,0,0
239,42,9,1,0,2,0,5,0,0,0
240,101,1,14,7,4,0,6,0,0,0
241,154,13,12,13,4,7,0,1,2,0
242,38,2,2,4,0,4,0,0,1,0
243,65,7,9,1,6,1,0,0,0,0
244,61,1,2,1,2,3,4,0,0,0
245,52,0,7,0,2,0,3,1,0,0
246,54,3,2,0,5,0,3,2,0,0
247,39,3,5,1,2,1,0,0,0,0
248,107,14,15,0,11,0,2,2,0,8
249,33,0,2,0,0,0,0,0,1,0
250,35,2,4,2,3,4,0,0,0,0
251,33,2,1,0,0,0,0,0,1,0
252,24,2,3,0,0,0,0,1,0,0
253,56,5,2,2,0,1,0,1,0,0
254,88,13,9,0,6,2,6,1,0,0
255,147,10,12,0,0,1,0,15,0,0
256,35,3,5,2,1,3,0,0,0,0
257,53,4,5,2,4,2,1,0,0,0
258,57,1,2,2,4,0,1,0,0,0
259,85,2,8,9,9,7,0,2,0,0
260,48,8,4,3,2,0,0,0,0,0
261,156,14,11,10,8,6,0,3,3,0
262,30,13,1,6,1,1,0,0,1,0
263,99,8,17,3,3,1,6,0,1,0
264,99,8,17,3,3,1,6,0,1,0
265,58,1,5,1,0,0,2,0,0,0
266,66,13,19,0,9,0,8,1,0,0
267,45,5,5,4,0,2,0,0,0,0
268,195,46,20,1,19,0,11,1,0,1
269,28,6,1,2,3,0,0,1,0,0
270,65,3,6,1,3,0,6,0,0,0
271,256,24,22,18,1,16,0,11,4,0
272,44,0,3,3,0,3,0,0,0,0
273,105,1,8,0,0,0,5,2,0,0
274,91,4,8,0,11,1,3,1,0,0
275,57,6,8,4,5,1,0,2,0,0
276,58,5,2,0,3,0,7,0,0,0
277,31,8,3,6,0,6,0,1,0,0
278,28,8,7,0,2,2,0,5,1,0
279,69,18,7,2,6,0,0,1,0,0
280,29,3,2,7,0,0,0,0,1,0
281,51,14,7,4,4,1,0,0,0,0
282,27,9,4,0,1,1,6,0,1,0
283,52,5,9,3,1,0,2,2,0,0
284,30,10,9,2,5,1,0,0,0,0
285,61,11,9,11,4,2,0,0,2,0
286,110,6,3,8,7,2,0,0,0,0
287,50,6,6,1,1,1,0,0,0,0
288,48,2,6,3,2,0,3,0,0,0
289,48,11,7,4,5,1,0,0,0,0
290,112,13,16,0,10,0,8,0,0,0
291,31,1,5,7,0,7,0,0,1,0
292,66,10,3,0,4,0,7,1,0,3
293,31,0,2,4,1,3,0,0,0,0
294,53,12,2,7,1,2,0,0,1,0
295,116,29,15,7,10,6,0,0,2,0
296,75,4,18,1,3,7,0,1,1,0
297,59,11,5,8,2,3,6,0,0,0
298,52,1,3,1,0,1,2,0,0,0
299,237,19,18,1,0,5,9,2,0,0
300,69,3,3,1,3,2,0,0,0,0
301,21,2,1,1,3,0,0,0,0,0
302,45,10,5,1,0,1,0,0,0,0
303,49,1,3,3,0,0,1,0,0,0
304,39,7,0,0,2,1,1,1,0,0
305,59,5,4,0,0,1,0,0,0,0
306,89,3,7,4,9,8,0,2,0,0
307,99,7,9,7,4,3,0,0,0,0
308,96,6,1,0,3,3,5,1,0,2
309,52,9,4,1,3,0,3,0,0,0
310,76,3,4,1,3,0,9,0,0,0
311,92,21,6,0,11,0,0,4,0,1
312,50,1,5,0,0,0,1,0,0,1
313,85,11,11,11,5,2,0,0,2,0
314,57,2,9,1,2,4,0,1,1,0
315,35,1,1,2,1,0,1,0,0,0
316,38,9,7,4,0,0,0,0,0,0
317,48,2,4,4,0,2,0,1,0,0
318,148,23,9,1,13,8,5,0,3,0
319,22,11,8,2,5,1,0,1,0,0
320,37,6,3,3,0,0,0,0,0,0
321,133,22,14,5,8,1,1,3,0,1
322,55,1,10,0,8,0,9,0,0,0
323,25,11,7,7,4,2,0,0,0,0
324,39,24,8,0,11,3,3,1,0,0
325,80,10,22,5,3,0,0,0,0,0
326,67,5,3,4,2,5,0,0,0,0
327,204,7,10,11,3,0,0,1,0,5
328,39,5,4,2,2,1,0,1,0,0
329,48,3,3,0,1,0,1,0,0,0
330,36,8,6,4,3,0,0,0,0,0
331,89,5,5,6,7,3,0,1,1,0
332,92,19,15,1,1,0,5,0,0,4
333,41,14,11,15,2,3,0,0,0,0
334,102,4,12,0,6,5,6,1,0,0
335,47,6,4,2,0,6,0,0,0,0
336,63,28,14,6,10,0,1,0,0,0
337,41,6,8,1,0,2,0,0,1,0
338,29,3,3,3,0,0,0,0,1,0
339,53,5,3,1,4,2,0,3,2,0
340,40,6,5,8,0,0,0,0,0,8
341,80,9,6,2,3,7,0,1,1,0
342,50,0,3,1,3,0,0,0,0,0
343,89,3,8,7,3,1,0,0,1,0
344,110,27,21,6,10,4,0,1,0,0
345,78,4,8,2,5,2,0,1,0,0
346,34,6,4,4,0,3,0,0,0,0
347,26,3,2,5,1,0,0,1,2,0
348,59,4,9,5,2,0,1,0,0,0
349,66,10,2,5,1,2,0,0,1,0
350,46,2,2,2,0,2,5,2,0,0
351,36,7,6,1,3,0,0,0,0,0
352,42,9,6,3,2,1,0,0,0,0
353,60,12,10,10,3,0,0,0,1,0
354,36,6,5,0,4,0,1,0,0,0
355,99,13,17,8,9,1,11,1,2,0
356,106,42,10,1,1,4,14,2,0,7
357,65,4,2,0,0,3,0,1,1,0
358,84,25,11,7,15,3,0,3,1,0
359,77,0,2,5,0,1,0,0,0,0
360,70,1,8,0,3,1,2,2,0,0
361,65,5,6,0,4,0,0,0,0,0
362,66,5,6,0,4,0,0,0,0,0
363,53,4,3,6,4,4,0,0,1,0
364,53,4,3,6,4,4,0,0,1,0
365,38,4,0,0,2,0,1,0,0,1
366,85,3,10,5,1,3,2,1,0,0
367,59,3,5,2,0,1,0,3,0,0
368,27,9,6,1,1,2,0,0,0,0
369,38,5,5,3,3,2,0,0,0,0
370,51,0,3,1,2,0,1,0,0,0
371,99,18,6,4,4,1,0,2,0,0
372,48,7,0,3,6,4,1,2,0,0
373,40,13,9,0,1,0,2,2,0,0
374,66,5,9,3,2,1,0,3,0,3
375,111,23,9,6,2,0,0,0,0,7
376,61,5,4,3,7,4,2,1,0,0
377,36,5,2,2,0,3,1,0,0,0
378,175,5,16,8,2,0,1,3,0,0
379,92,12,11,8,5,10,0,1,0,0
380,59,2,6,1,2,4,0,1,0,0
381,45,4,1,4,1,0,0,1,1,0
382,27,1,2,0,0,0,0,0,1,0
383,84,3,4,0,0,0,0,0,1,0
384,84,4,10,5,2,1,0,4,1,0
385,77,9,12,4,1,4,3,1,0,0
386,125,15,7,8,1,2,0,2,0,0
387,66,5,11,3,6,3,0,1,0,0
388,39,11,8,1,5,0,3,1,0,0
389,49,3,7,6,0,4,0,0,1,0
390,47,5,6,0,0,0,0,1,0,0
391,39,2,6,5,2,4,0,0,0,0
392,211,9,4,3,13,3,0,3,1,0
393,47,11,9,2,1,4,2,0,0,0
394,111,28,7,10,4,8,1,1,3,0
395,88,2,6,0,1,2,0,2,0,0
396,55,2,2,0,5,0,5,2,0,6
397,68,5,2,4,2,0,1,0,0,0
398,42,5,9,10,2,6,0,2,0,0
399,45,10,14,9,5,2,0,1,0,0
400,141,7,12,2,5,1,0,4,0,1
401,83,2,5,2,5,0,0,0,1,0
402,89,4,4,4,0,12,3,0,0,0
403,89,6,9,6,3,3,2,0,0,0
404,56,3,5,0,0,0,0,0,1,0
405,181,58,12,3,8,3,11,2,0,1
406,35,10,8,1,3,0,0,0,0,0
407,28,5,3,0,0,0,1,1,0,0
408,178,7,10,0,8,10,16,1,5,0
409,168,4,11,6,3,6,0,0,0,0
410,68,1,8,3,0,1,0,0,2,0
411,57,2,5,2,5,0,3,0,1,0
412,56,16,7,5,0,0,0,0,0,0
413,40,14,5,0,0,1,0,0,0,0
414,56,2,8,3,0,0,0,0,0,0
415,80,11,3,0,0,0,3,3,2,0
416,101,21,7,0,13,2,14,1,0,0
417,36,3,3,0,0,3,2,0,1,0
418,27,2,4,0,2,0,0,0,0,0
419,26,1,4,8,0,1,0,0,0,0
420,174,27,10,10,11,13,0,4,2,0
421,124,12,20,8,6,6,0,3,3,0
422,56,4,5,3,6,1,0,1,0,0
423,80,1,6,0,0,0,0,0,0,0
424,71,1,5,4,1,6,0,0,0,0
425,68,11,1,7,9,0,8,1,0,0
426,50,7,16,4,3,0,0,0,0,0
427,91,45,23,1,2,4,0,0,2,0
428,42,6,10,3,3,0,0,0,0,0
429,56,2,3,0,3,0,2,0,0,0
430,61,3,5,1,1,0,4,1,0,0
431,19,11,4,8,2,2,0,0,0,0
432,47,1,2,0,1,0,0,0,0,0
433,51,12,6,3,0,2,0,0,1,0
434,41,2,2,3,1,0,1,0,0,0
435,152,3,4,5,3,6,0,3,0,0
436,48,9,6,5,7,9,0,0,3,0
437,61,3,4,6,1,0,0,0,2,0
438,42,4,1,1,2,1,4,2,0,0
439,53,2,4,3,2,1,0,0,1,0
440,53,2,4,3,2,1,0,0,1,0
441,35,14,8,1,0,0,0,0,0,0
442,52,17,2,0,6,1,6,0,0,5
443,144,11,13,11,5,5,0,3,1,0
444,67,1,7,6,2,5,0,0,1,0
445,77,2,4,6,0,3,0,0,0,0
446,67,1,8,1,3,1,0,0,0,0
447,59,9,9,3,2,1,0,0,1,0
448,84,29,16,13,0,3,0,0,0,4
449,42,9,8,5,4,6,0,1,1,0
450,37,2,7,4,1,1,0,0,0,3
451,72,7,5,0,0,0,1,1,0,2
452,72,7,5,0,0,0,1,1,0,2
453,67,5,2,2,2,1,1,0,0,0
454,56,5,10,4,6,0,4,1,0,0
455,30,8,9,1,1,0,0,0,0,0
456,73,4,2,10,2,5,0,0,1,0
457,27,4,3,3,0,0,0,0,1,0
458,35,1,2,2,1,1,0,0,1,0
459,59,0,6,0,6,0,4,0,0,0
460,131,10,11,1,0,5,4,1,0,0
461,30,5,4,1,2,0,2,1,0,0
462,47,0,9,3,2,1,0,3,0,0
463,68,2,6,2,0,3,0,0,1,0
464,62,3,3,11,4,9,1,2,4,0
465,128,13,12,1,8,4,4,3,0,0
466,45,9,3,4,2,1,0,1,0,0
467,49,2,6,0,4,0,0,0,0,0
468,54,3,5,5,1,0,0,3,1,0
469,46,6,6,1,4,5,0,0,1,0
470,54,7,3,0,3,0,2,2,1,0
471,156,14,8,0,10,8,10,0,2,0
472,43,0,7,0,1,2,0,2,1,0
473,24,3,6,0,0,2,5,0,0,0
474,81,20,7,20,0,1,0,1,0,0
475,41,22,0,0,9,0,4,0,0,0
476,33,5,5,2,1,0,0,1,0,0
477,206,22,20,4,15,1,0,5,1,0
478,255,35,11,0,22,21,10,0,0,4
479,45,13,16,0,5,2,7,0,1,0
480,36,5,1,1,1,0,0,1,0,0
481,35,14,7,3,0,1,0,3,0,0
482,91,9,8,0,6,0,5,0,0,8
483,16,18,0,2,0,0,0,1,0,0
484,24,4,2,0,0,0,0,0,0,0
485,39,2,4,0,1,1,0,0,0,0
486,71,5,16,4,9,0,0,0,0,0
487,83,4,8,7,3,0,3,1,1,1
488,25,1,6,0,1,0,2,0,0,0
489,136,12,4,12,4,6,5,0,0,0
490,84,15,18,7,7,3,0,0,1,0
491,28,4,5,1,1,0,1,1,0,0
492,46,1,11,6,0,1,0,0,0,0
493,59,10,6,6,3,4,0,0,0,2
494,24,2,3,0,1,0,0,1,0,0
495,62,3,8,3,4,6,0,0,0,0
496,150,9,6,3,7,0,9,0,0,0
497,32,4,1,0,5,2,0,0,0,0
498,36,6,1,0,0,0,2,1,0,0
499,42,9,5,0,3,0,5,3,0,0
500,38,5,2,4,0,1,0,1,1,0
501,157,19,12,0,15,4,2,1,2,0
502,181,31,18,3,5,11,1,0,2,0
503,34,5,4,2,0,0,0,0,0,0
504,39,7,4,5,4,0,0,0,0,0
505,36,15,7,1,9,0,2,1,0,0
506,47,1,7,5,1,0,0,0,0,0
507,74,4,9,0,2,1,0,1,0,0
508,44,3,2,2,0,0,0,0,3,0
509,26,8,3,3,0,1,0,0,1,0
510,75,9,8,2,3,3,1,0,1,0
511,20,19,8,6,11,5,0,0,0,0
512,49,4,2,4,2,1,0,0,0,0
513,48,6,3,6,1,7,0,0,0,0
514,117,19,19,5,9,5,0,1,2,0
515,39,3,4,2,0,3,0,1,0,0
516,75,1,9,0,3,0,6,0,0,0
517,43,1,7,2,1,1,2,0,0,0
518,78,2,11,3,8,0,3,1,0,0
519,63,3,6,4,2,1,0,0,0,0
520,131,22,8,7,6,2,0,1,0,0
521,20,7,5,1,2,0,0,0,0,0
522,57,6,5,7,4,3,0,10,0,0
523,62,3,9,0,0,0,0,2,1,0
524,53,9,6,1,1,0,1,0,0,0
525,93,4,18,6,0,6,0,0,1,0
526,63,10,4,3,1,0,2,0,1,0
527,57,7,0,1,0,0,0,0,0,0
528,40,1,4,1,1,0,0,1,0,0
529,38,5,5,2,0,0,0,0,0,0
530,112,7,11,8,4,6,0,0,2,0
531,73,2,3,0,4,0,3,1,0,5
532,108,0,13,4,6,1,0,0,1,0
533,120,15,8,0,2,0,5,0,0,0
534,61,5,1,9,2,0,0,2,0,0
535,43,4,10,3,3,0,7,0,0,0
536,151,18,11,0,3,0,6,1,0,0
537,81,5,1,0,0,0,7,0,2,0
538,36,3,4,5,2,0,0,0,0,0
539,151,18,11,0,3,0,6,1,0,0
540,62,5,6,0,5,0,5,2,0,0
541,80,1,14,6,0,7,0,0,2,0
542,39,5,8,0,1,0,4,0,0,0
543,66,11,8,6,6,0,0,1,0,0
544,30,4,2,0,0,0,0,3,0,0
545,99,18,9,7,8,8,1,4,0,0
546,77,14,22,13,5,4,0,0,0,0
547,82,10,2,8,2,5,1,0,2,0
548,35,11,5,2,3,0,0,1,0,0
549,4,6,3,0,0,0,0,0,0,0
550,29,1,1,2,1,0,0,0,0,0
551,29,5,0,1,2,0,0,0,0,0
552,50,2,4,5,0,1,0,2,1,0
553,32,6,1,8,0,6,0,0,0,0
554,27,3,2,0,0,1,0,1,1,0
555,37,0,2,2,1,2,1,1,0,0
556,66,3,4,1,2,3,0,0,6,0
557,25,5,8,5,0,3,0,2,0,0
558,58,2,6,9,3,5,0,1,0,0
559,17,4,0,2,1,0,0,0,0,0
560,146,4,14,12,11,1,12,0,0,0
561,82,6,8,5,8,3,0,2,1,0
562,56,2,10,6,2,0,0,0,0,0
563,10,18,10,3,3,0,0,6,0,0
564,55,17,9,0,3,0,0,1,0,0
565,31,1,4,1,3,0,2,0,0,0
566,59,3,4,0,0,0,1,0,0,0
567,10,11,2,0,2,0,0,1,0,0
568,62,9,2,8,4,5,0,2,0,0
569,70,4,1,1,2,1,2,0,0,0
570,29,4,3,1,1,1,0,0,1,0
571,17,5,3,1,1,0,0,0,0,0
572,17,5,3,1,1,0,0,0,0,0
573,111,14,1,1,7,3,12,0,0,5
574,38,5,4,4,2,2,0,0,1,0
575,54,2,3,4,1,0,0,0,0,0
576,50,3,4,8,5,4,0,1,0,0
577,36,8,7,1,5,1,0,0,2,0
578,85,5,7,0,0,0,8,5,0,0
579,88,10,1,0,12,0,7,0,0,0
580,21,5,3,2,4,1,0,0,2,0
581,29,2,6,0,2,0,3,0,0,0
582,62,4,8,3,3,2,0,0,0,0
583,84,4,2,0,2,0,1,0,0,0
584,55,3,9,8,4,8,1,0,0,0
585,41,4,3,4,0,0,0,0,1,0
586,28,3,4,2,2,0,0,0,0,0
587,126,9,12,7,13,8,4,2,0,0
588,27,2,3,1,0,0,0,2,0,0
589,66,6,2,2,4,2,0,0,0,0
590,47,2,0,0,3,2,0,0,0,0
591,62,9,7,4,4,4,0,1,1,0
592,47,1,3,0,0,2,1,0,0,0
593,89,5,4,4,4,5,0,2,1,0
594,23,2,3,4,1,1,2,0,0,0
595,62,10,4,5,6,5,2,1,0,0
596,38,14,6,0,6,2,4,0,1,0
597,24,4,11,1,0,0,0,1,0,0
598,44,22,8,3,6,1,0,1,0,0
599,38,1,6,2,1,1,0,0,0,0
600,38,1,6,2,1,1,0,0,0,0
601,80,19,15,3,14,1,11,1,2,0
602,57,7,8,1,7,0,0,0,0,0
603,49,1,2,1,1,0,1,0,0,0
604,49,7,3,1,4,0,2,0,0,0
605,50,3,2,1,1,0,1,0,0,0
606,192,13,8,4,15,2,0,10,0,0
607,29,5,7,4,2,1,0,0,0,0
608,47,8,13,1,1,0,8,0,0,0
609,92,6,6,3,5,2,0,0,0,0
610,40,3,2,1,0,3,0,1,0,0
611,92,16,14,1,10,0,15,2,0,0
612,111,2,17,13,3,1,0,0,2,0
613,57,3,2,0,2,3,0,3,0,0
614,79,3,10,5,1,1,0,0,1,0
615,99,10,19,5,0,0,0,2,1,0
616,24,7,5,0,8,0,0,1,0,0
617,110,0,5,4,1,0,0,1,0,0
618,72,1,5,11,8,6,0,0,0,0
619,38,6,3,2,2,0,0,0,2,0
620,93,0,4,2,0,9,0,1,0,0
621,65,11,1,0,4,0,1,0,0,0
622,133,9,8,0,5,1,13,0,1,0
623,58,9,8,7,0,4,0,0,2,0
624,70,7,2,3,6,4,0,0,0,0
625,42,2,3,0,1,0,3,0,0,0
626,40,5,8,2,2,0,0,0,0,0
627,62,0,4,3,0,5,0,1,1,0
628,34,0,8,5,2,2,0,0,0,0
629,34,0,8,5,2,2,0,0,0,0
630,37,2,5,1,3,0,0,0,1,0
631,66,9,8,14,1,12,0,3,1,0
632,63,14,12,0,1,0,3,3,0,0
633,37,1,4,0,0,0,0,1,0,0
634,49,8,5,1,1,1,3,0,0,0
635,49,8,5,0,3,0,7,2,0,0
636,89,31,0,2,9,0,5,2,0,0
637,26,3,4,2,0,1,0,0,0,0
638,23,0,5,3,1,0,0,0,1,0
639,90,2,8,4,8,1,0,1,0,0
640,44,2,4,4,4,3,0,1,2,0
641,79,8,12,2,9,5,0,0,0,0
642,92,4,7,1,4,0,10,1,0,0
643,55,6,2,2,4,1,2,0,0,0
644,108,5,9,3,5,14,0,1,0,0
645,83,7,17,9,6,0,0,2,7,0
646,76,1,10,7,3,8,0,0,0,0
647,56,10,5,4,7,1,4,0,0,0
648,51,8,7,1,2,0,0,0,0,0
649,36,1,1,0,2,1,0,0,0,0
650,49,7,2,3,0,2,0,0,0,0
651,49,1,2,3,0,1,0,2,0,0
652,42,1,3,6,1,4,0,0,1,1
653,51,12,4,8,6,7,6,0,0,0
654,47,3,7,13,3,2,0,4,1,0
655,36,3,5,0,1,0,1,0,0,0
656,48,4,4,0,6,0,10,0,0,0
657,60,10,2,1,2,3,5,0,0,0
658,51,3,8,4,0,0,0,1,1,0
659,85,7,8,4,2,1,2,1,1,0
660,36,11,4,4,1,2,0,0,1,0
661,56,8,12,0,6,1,0,1,0,0
662,53,6,2,3,2,1,0,1,0,0
663,95,8,11,1,6,0,5,0,2,0
664,25,1,2,1,0,0,1,0,0,0
665,58,3,0,9,0,7,0,0,0,0
666,22,2,10,0,2,1,0,1,0,1
667,26,3,7,0,2,2,4,0,0,0
668,57,9,3,2,1,1,1,5,0,0
669,105,14,6,1,0,4,2,3,1,0
670,44,0,5,3,0,3,0,0,0,0
671,51,8,3,4,0,1,0,4,0,0
672,57,2,1,6,3,1,0,0,2,0
673,71,1,3,0,6,0,3,0,1,0
674,67,11,8,5,4,3,0,1,2,0
675,74,15,7,12,6,5,0,0,1,0
676,66,7,4,12,2,1,0,0,0,0
677,60,2,7,4,0,0,0,0,1,0
678,46,8,6,3,5,4,0,0,0,0
679,53,4,4,0,1,2,0,0,0,0
680,44,2,1,0,3,0,4,0,0,0
681,47,13,7,1,2,0,0,0,0,0
682,107,4,15,0,5,0,0,0,0,0
683,91,12,5,0,6,0,1,1,0,0
684,140,13,12,0,9,0,12,0,0,0
685,36,2,4,6,1,3,0,0,1,0
686,89,3,4,4,3,3,0,0,4,0
687,67,8,3,1,1,0,2,0,0,0
688,67,8,3,1,1,0,2,0,0,0
689,67,8,5,1,7,2,0,2,0,0
690,36,2,3,0,1,0,0,0,0,0
691,75,5,15,3,0,0,4,0,0,0
692,80,0,3,0,0,1,0,6,0,0
693,134,14,14,11,7,11,0,2,6,0
694,93,3,14,7,2,0,0,1,0,0
695,126,7,12,6,6,7,0,0,1,0
696,27,11,0,1,0,0,0,0,0,0
697,99,11,10,12,6,13,0,2,1,0
698,18,3,6,0,0,1,0,3,0,0
699,37,0,9,3,3,2,0,1,0,0
700,51,7,5,2,0,4,0,1,0,0
701,90,4,7,4,4,8,0,0,2,0
702,89,5,10,5,8,5,0,0,0,0
703,49,5,3,0,1,0,2,0,0,0
704,29,7,1,0,0,1,5,0,0,0
705,51,8,8,6,3,2,1,0,1,0
706,91,17,9,7,4,6,0,0,0,0
707,243,15,12,5,0,21,2,0,0,1
708,243,15,12,5,0,21,2,0,0,1
709,23,10,12,2,3,1,0,1,0,0
710,24,3,0,2,0,0,0,0,0,0
711,82,14,3,3,5,9,0,0,1,0
712,103,5,5,4,1,4,0,0,0,0
713,52,4,6,12,3,3,0,2,0,0
714,97,3,9,6,5,3,0,1,2,0
715,78,4,9,5,2,0,0,2,0,0
716,100,27,15,6,1,3,1,2,1,0
717,69,3,11,4,6,2,0,2,1,0
718,145,3,27,1,8,1,1,6,0,0
719,80,9,1,3,11,0,0,0,0,0
720,67,3,1,0,6,0,3,0,0,0
721,76,3,5,0,1,0,1,0,0,0
722,102,8,18,9,4,9,0,2,0,0
723,54,9,2,0,4,1,0,0,1,0
724,64,0,8,0,2,0,4,1,0,0
725,79,6,15,0,4,1,6,1,0,0
726,75,4,11,6,2,2,0,2,2,0
727,74,5,6,8,0,10,0,0,0,0
728,43,0,2,0,1,0,0,0,0,0
729,94,15,7,0,9,5,0,0,1,0
730,22,4,5,1,0,0,0,0,0,0
731,99,2,10,5,8,7,0,2,1,0
732,80,21,7,1,4,4,2,0,0,0
733,64,0,11,8,3,3,0,0,0,0
734,63,2,9,9,2,3,0,0,1,0
735,74,10,6,0,5,0,0,3,0,5
736,48,10,0,7,1,0,0,0,0,0
737,99,14,7,5,1,0,4,1,0,0
738,99,14,7,5,1,0,4,1,0,0
739,46,0,7,2,0,0,0,1,0,0
740,38,2,2,2,2,1,0,5,0,0
741,29,7,2,1,2,0,0,2,0,0
742,131,9,5,4,5,4,0,1,1,1
743,134,13,15,14,0,5,0,1,0,0
744,71,8,8,7,1,3,0,0,0,0
745,134,5,9,2,6,0,3,0,0,1
746,25,11,9,3,1,0,2,0,0,0
747,45,5,6,2,3,0,0,1,0,0
748,93,13,9,5,10,1,0,3,0,0
749,20,2,3,0,2,0,0,0,0,0
750,34,2,5,2,1,0,0,0,0,0
751,25,1,2,3,2,0,0,1,0,0
752,16,4,14,0,1,0,0,0,0,0
753,51,5,4,1,0,0,4,0,0,0
754,14,11,2,0,4,0,0,2,0,0
755,37,0,3,4,0,3,0,0,0,0
756,120,7,11,0,5,2,8,0,1,3
757,47,6,4,3,2,1,0,0,0,0
758,26,3,5,0,1,0,3,0,0,0
759,67,3,4,7,1,1,0,0,0,0
760,48,6,4,0,4,0,0,0,0,0
761,40,6,8,3,2,3,0,0,1,0
762,21,13,5,3,6,0,0,3,2,0
763,72,1,4,8,3,3,0,1,0,0
764,66,8,5,4,7,0,2,0,0,0
765,48,5,13,3,3,0,0,0,0,0
766,58,5,4,4,5,4,0,0,1,0
767,81,8,3,8,3,0,0,1,0,5
768,19,5,6,4,0,1,0,0,0,0
769,48,3,5,4,1,0,0,0,0,0
770,48,4,7,0,4,0,0,1,0,0
771,55,5,8,2,2,2,0,3,0,0
772,57,1,7,0,2,1,0,0,0,0
773,26,9,5,0,0,1,0,0,0,0
774,34,4,2,0,0,1,2,0,0,0
775,71,9,7,3,3,0,3,0,0,0
776,65,6,11,12,4,13,0,1,0,0
777,29,2,5,1,2,3,0,0,0,0
778,26,1,1,4,0,5,0,0,0,0
779,29,29,13,2,7,4,0,1,0,0
780,50,5,8,7,2,2,0,0,2,0
781,41,1,1,1,1,0,0,0,0,0
782,49,4,3,4,5,3,0,1,0,0
783,69,4,11,3,10,0,0,3,0,0
784,36,4,1,0,2,0,4,0,0,0
785,29,3,0,2,1,0,2,1,0,0
786,29,33,2,0,1,1,0,2,0,0
787,53,2,6,4,0,2,0,3,2,0
788,200,5,10,6,12,4,0,2,1,0
789,200,5,10,6,12,4,0,2,1,0
790,18,8,5,1,3,0,2,0,0,0
791,49,7,5,4,4,4,0,0,0,0
792,85,9,6,4,9,2,0,7,2,0
793,47,5,3,4,0,1,0,1,0,0
794,26,5,2,0,0,0,4,0,0,0
795,72,2,6,1,5,1,0,0,0,0
796,60,4,3,4,1,5,0,2,1,0
797,40,2,8,6,6,1,0,1,3,0
798,59,9,5,3,4,2,0,3,1,0
799,47,2,3,5,1,0,0,0,0,0
800,35,13,8,2,7,0,0,0,0,0
801,24,3,5,0,3,0,0,0,0,0
802,56,2,5,3,0,2,0,0,2,0
803,39,7,2,2,2,1,0,2,0,2
804,54,1,4,0,1,1,1,0,0,0
805,149,23,12,8,14,9,0,0,3,0
806,36,8,7,4,0,0,0,0,0,0
807,41,2,2,2,0,0,0,1,0,0
808,80,2,7,7,5,6,0,0,1,0
809,45,6,7,3,2,0,0,3,0,0
810,79,9,4,7,9,7,0,3,0,0
811,65,9,7,4,0,0,3,7,0,0
812,57,4,2,1,2,2,0,1,0,0
813,42,16,6,5,0,1,0,0,0,0
814,75,28,0,2,7,5,1,0,0,6
815,40,3,5,3,4,0,0,1,0,0
816,37,1,2,0,0,3,0,2,1,0
817,29,9,5,3,1,0,0,0,0,0
818,38,2,8,2,0,3,0,2,1,0
819,49,6,5,4,0,1,0,0,1,0
820,18,7,8,0,1,0,2,6,0,4
821,75,7,6,5,8,1,1,0,1,0
822,84,0,7,3,0,2,1,1,0,0
823,78,4,8,7,5,4,0,0,1,0
824,227,12,16,14,13,5,0,3,3,0
825,227,12,16,14,13,5,0,3,3,0
826,22,19,7,3,2,1,0,0,0,0
827,77,4,3,0,5,0,3,0,0,0
828,79,10,4,6,3,1,0,0,1,0
829,29,2,3,0,0,0,0,0,0,0
830,84,5,3,9,2,2,0,2,1,0
831,60,10,0,1,0,7,0,1,1,0
832,97,14,10,9,1,9,0,3,1,0
833,69,2,5,2,0,4,0,1,1,0
834,77,0,8,2,2,2,1,0,0,0
835,21,11,2,0,2,0,0,0,0,1
836,20,7,6,1,0,3,0,0,0,0
837,41,0,7,0,0,0,1,0,0,0
838,41,8,9,2,5,3,0,0,0,0
839,58,9,9,0,6,8,0,1,2,0
840,184,12,15,1,0,7,0,5,0,0
841,31,0,3,4,1,3,0,0,0,0
842,41,1,0,0,0,1,5,0,0,0
843,313,34,26,13,23,9,14,1,5,0
844,98,8,6,3,6,4,0,0,2,0
845,56,6,4,0,3,3,0,0,0,0
846,65,2,5,2,2,1,0,1,0,0
847,55,11,4,3,0,0,0,0,3,0
848,26,17,0,0,1,1,0,2,1,0
849,28,4,7,0,0,0,4,1,0,0
850,143,20,13,0,7,3,8,0,0,0
851,32,9,6,1,0,0,0,0,0,0
852,53,12,10,4,1,1,0,0,0,0
853,38,6,3,5,2,2,0,1,0,0
854,64,13,16,5,7,3,0,0,1,0
855,29,8,6,1,1,1,0,0,0,0
856,39,3,9,0,0,0,1,1,0,0
857,93,12,6,2,8,0,3,1,1,7
858,51,0,4,5,1,0,4,0,0,0
859,56,14,6,5,3,0,3,0,0,0
860,54,0,3,6,1,2,0,0,0,0
861,55,3,6,2,3,0,6,1,0,0
862,102,3,4,4,2,0,0,0,0,1
863,47,10,5,4,2,2,0,0,0,0
864,28,1,3,1,0,1,0,0,1,0
865,68,7,11,4,0,3,0,0,4,0
866,63,9,7,3,9,4,0,1,2,6
867,152,22,10,0,8,2,4,3,0,5
868,169,29,26,12,9,9,8,2,1,0
869,54,7,4,2,1,0,0,0,1,0
870,126,20,14,3,0,11,5,2,1,0
871,24,10,6,3,2,0,0,0,0,0
872,23,3,1,1,0,0,0,0,0,0
873,37,6,2,1,0,0,0,0,0,0
874,0,6,1,0,0,0,0,0,0,1
875,103,19,11,11,3,4,0,0,2,0
876,31,6,5,2,5,0,0,0,0,0
877,44,5,8,1,0,0,0,9,0,0
878,66,2,2,2,7,3,1,0,1,0
879,62,8,9,2,5,8,0,2,0,0
880,55,2,0,3,0,3,0,0,1,0
881,49,4,10,3,5,5,0,0,2,0
882,35,3,9,1,2,1,0,1,0,0
883,122,8,12,0,6,0,1,0,0,0
884,124,19,8,2,2,8,0,1,3,0
885,55,14,15,6,4,0,0,0,0,0
886,193,14,14,11,7,9,0,6,1,0
887,193,14,14,11,7,9,0,6,1,0
888,63,0,5,4,0,3,0,0,0,0
889,193,14,14,11,7,9,0,6,1,0
890,61,11,8,1,3,1,3,0,1,0
891,58,5,7,0,3,0,0,0,0,0
892,36,7,6,2,1,1,0,1,0,0
893,44,3,6,6,0,0,0,0,0,0
894,96,23,10,3,7,0,3,1,0,0
895,61,3,7,2,2,2,0,1,3,0
896,150,26,8,6,12,6,0,0,3,0
897,63,1,2,4,0,0,0,1,0,0
898,27,6,4,4,7,3,0,0,2,0
899,38,0,2,0,0,0,1,3,0,0
900,28,6,4,1,3,1,0,1,0,0
901,39,3,7,4,2,0,0,0,0,1
902,38,11,4,0,2,0,1,2,0,0
903,38,6,4,2,3,0,0,0,1,0
904,24,7,4,0,2,0,0,0,0,0
905,117,7,10,11,3,6,9,3,1,0
906,96,2,13,1,1,0,12,0,0,0
907,68,5,2,4,0,0,0,1,2,0
908,68,8,3,0,11,0,9,0,0,0
909,27,10,1,5,0,0,0,0,0,0
910,30,5,3,0,1,1,0,0,0,0
911,70,19,15,1,10,1,0,2,0,0
912,51,6,9,0,0,0,1,0,0,0
